DELETE FROM attempt; 
DELETE FROM cleaner;
DELETE FROM client;
DELETE FROM contract;
DELETE FROM skill;
DELETE FROM skill_of_cleaner;
DELETE FROM status;
DELETE FROM target;
DELETE FROM type_of_target;
INSERT INTO client (id, name, first_name, email, phone, date_of_birth, password) VALUES (1, 'Richier', 'Benjamin', 'viensjoueraudocteur@gmail.com', '0632658596', '1948-06-19', '$2y$12$YcZzbtNMaNzIHHc3cmN.AenlLml3X9VxlD7ZyRtJBmtTtUQLD28o.');
INSERT INTO client (id, name, first_name, email, phone, date_of_birth, password) VALUES (2, 'Rolles', 'Clément', 'blablacarpourlinter@gmail.com', '0656854123', '1985-03-10', '$2y$12$YcZzbtNMaNzIHHc3cmN.AenlLml3X9VxlD7ZyRtJBmtTtUQLD28o.');
INSERT INTO client (id, name, first_name, email, phone, date_of_birth, password) VALUES (3, 'Marin', 'Lucas', 'bogossdu31@gmail.com', '0663236541', '1987-08-21', '$2y$12$YcZzbtNMaNzIHHc3cmN.AenlLml3X9VxlD7ZyRtJBmtTtUQLD28o.');
INSERT INTO client (id, name, first_name, email, phone, date_of_birth, password) VALUES (4, 'Durand', 'Nathan', 'cherchescooter@gmail.com', '0636214596', '1982-09-11', '$2y$12$YcZzbtNMaNzIHHc3cmN.AenlLml3X9VxlD7ZyRtJBmtTtUQLD28o.');
INSERT INTO client (id, name, first_name, email, phone, date_of_birth, password) VALUES (5, 'Delsol', 'Jérémy', 'jmlaraclette@gmail.com', '0623415685', '1983-05-10', '$2y$12$YcZzbtNMaNzIHHc3cmN.AenlLml3X9VxlD7ZyRtJBmtTtUQLD28o.');
INSERT INTO cleaner (id, pseudo, price, password) VALUES (1, 'CharlesManson', '2000', '$2y$12$YcZzbtNMaNzIHHc3cmN.AenlLml3X9VxlD7ZyRtJBmtTtUQLD28o.');
INSERT INTO cleaner (id, pseudo, price, password) VALUES (2, 'TedBundy', '2500', '$2y$12$YcZzbtNMaNzIHHc3cmN.AenlLml3X9VxlD7ZyRtJBmtTtUQLD28o.');
INSERT INTO cleaner (id, pseudo, price, password) VALUES (3, 'FreddyKrueger', '3000', '$2y$12$YcZzbtNMaNzIHHc3cmN.AenlLml3X9VxlD7ZyRtJBmtTtUQLD28o.');
INSERT INTO cleaner (id, pseudo, price, password) VALUES (4, 'Terminator', '5000', '$2y$12$YcZzbtNMaNzIHHc3cmN.AenlLml3X9VxlD7ZyRtJBmtTtUQLD28o.');
INSERT INTO skill_of_cleaner (id, id_skill, id_cleaner) VALUES (1, '1', 1);
INSERT INTO skill_of_cleaner (id, id_skill, id_cleaner) VALUES (2, '2', 1);
INSERT INTO skill_of_cleaner (id, id_skill, id_cleaner) VALUES (3, '3', 1);
INSERT INTO skill_of_cleaner (id, id_skill, id_cleaner) VALUES (4, '1', 2);
INSERT INTO skill_of_cleaner (id, id_skill, id_cleaner) VALUES (5, '2', 2);
INSERT INTO skill_of_cleaner (id, id_skill, id_cleaner) VALUES (6, '3', 4);
INSERT INTO skill_of_cleaner (id, id_skill, id_cleaner) VALUES (7, '2', 3);
INSERT INTO skill (id, skill_name, price, id_skill_of_cleaner) VALUES (1, "Strangulation", "500", 1);
INSERT INTO skill (id, skill_name, price, id_skill_of_cleaner) VALUES (2, "Arme blanche", "400", 3);
INSERT INTO skill (id, skill_name, price, id_skill_of_cleaner) VALUES (3, "Arme à feu", "300", 2);